study,window,seed,arm,average_precision,f1,delta_ap_vs_raw,delta_ap_vs_zero
padding,PHercParis4-20230702185753-0,42,raw,0.9727846318796409,0.9113479471963183,0.0,0.004301480190332496
padding,PHercParis4-20230702185753-0,43,raw,0.9731591007441778,0.9109252358677555,0.0,0.14690894341115657
padding,PHercParis4-20230702185753-0,42,zero,0.9684831516893084,0.8885163809200475,-0.004301480190332496,0.0
padding,PHercParis4-20230702185753-0,43,zero,0.8262501573330212,0.8249761222540593,-0.14690894341115657,0.0
padding,PHercParis4-20230702185753-0,42,edge,0.957641606351139,0.865445409818905,-0.015143025528501886,-0.01084154533816939
padding,PHercParis4-20230702185753-0,43,edge,0.8348208531983586,0.8411004180033052,-0.13833824754581914,0.00857069586533743
padding,PHercParis4-20230702185753-0,42,reflect,0.9739500542621753,0.9087783343237966,0.0011654223825343646,0.005466902572866861
padding,PHercParis4-20230702185753-0,43,reflect,0.8584291146021015,0.8565249842114329,-0.1147299861420763,0.032178957269080266
padding,PHercParis4-20230702185753-0,42,tail-restored,0.9805032289974039,0.9241679392506746,0.007718597117763015,0.012020077308095511
padding,PHercParis4-20230702185753-0,43,tail-restored,0.9642383364563529,0.8678805924568637,-0.008920764287824845,0.13798817912333172
padding,PHercParis4-20230702185753-0,42,tail-only,0.9693806856807292,0.9074300857240368,-0.0034039461989117115,0.0008975339914207847
padding,PHercParis4-20230702185753-0,43,tail-only,0.9710913721752799,0.9082038166437143,-0.0020677285688979197,0.14484121484225865
padding,PHerc0841-20260220214732-auto_grown_20260220144552896-0,42,raw,0.6826435195792058,0.4016473925376391,0.0,0.18777078009546877
padding,PHerc0841-20260220214732-auto_grown_20260220144552896-0,43,raw,0.6875969951161557,0.35384354126570816,0.0,-9.963781522570603e-05
padding,PHerc0841-20260220214732-auto_grown_20260220144552896-0,42,zero,0.494872739483737,0.14064697609001406,-0.18777078009546877,0.0
padding,PHerc0841-20260220214732-auto_grown_20260220144552896-0,43,zero,0.6876966329313814,0.38778004073319755,9.963781522570603e-05,0.0
padding,PHerc0841-20260220214732-auto_grown_20260220144552896-0,42,edge,0.5165018204232232,0.1877695716395864,-0.16614169915598254,0.021629080939486234
padding,PHerc0841-20260220214732-auto_grown_20260220144552896-0,43,edge,0.7236650444203905,0.4253157824757346,0.036068049304234795,0.03596841148900909
padding,PHerc0841-20260220214732-auto_grown_20260220144552896-0,42,reflect,0.4614422915457008,0.10832340212005269,-0.22120122803350495,-0.03343044793803618
padding,PHerc0841-20260220214732-auto_grown_20260220144552896-0,43,reflect,0.7477935200287598,0.22981231580580114,0.06019652491260408,0.06009688709737837
padding,PHerc0841-20260220214732-auto_grown_20260220144552896-0,42,tail-restored,0.48785458464960596,0.09553656220322887,-0.1947889349295998,-0.007018154834131041
padding,PHerc0841-20260220214732-auto_grown_20260220144552896-0,43,tail-restored,0.7252289849258746,0.004967292825410152,0.037631989809718935,0.03753235199449323
padding,PHerc0841-20260220214732-auto_grown_20260220144552896-0,42,tail-only,0.6474439110097842,0.36305054200911996,-0.035199608569421614,0.15257117152604716
padding,PHerc0841-20260220214732-auto_grown_20260220144552896-0,43,tail-only,0.6699120929121299,0.3620755855411113,-0.017684902204025743,-0.01778454001925145
normalization,PHercParis4-20230702185753-0,42,raw,0.9727846318796409,0.9113479471963183,0.0,0.004301480190332496
normalization,PHercParis4-20230702185753-0,43,raw,0.9731591007441778,0.9109252358677555,0.0,0.14690894341115657
normalization,PHercParis4-20230702185753-0,42,zero-q8,0.9684831516893084,0.8885163809200475,-0.004301480190332496,0.0
normalization,PHercParis4-20230702185753-0,43,zero-q8,0.8262501573330212,0.8249761222540593,-0.14690894341115657,0.0
normalization,PHercParis4-20230702185753-0,42,frozen-raw,0.9727846318796409,0.9113479471963183,0.0,0.004301480190332496
normalization,PHercParis4-20230702185753-0,43,frozen-raw,0.9731591007441778,0.9109252358677555,0.0,0.14690894341115657
normalization,PHercParis4-20230702185753-0,42,reference-normalized-q8,0.9688874409949285,0.8903023364287834,-0.0038971908847124093,0.0004042893056200869
normalization,PHercParis4-20230702185753-0,43,reference-normalized-q8,0.8349556081966518,0.8321877222090542,-0.13820349254752595,0.008705450863630615
normalization,PHerc0841-20260220214732-auto_grown_20260220144552896-0,42,raw,0.6826435195792058,0.4016473925376391,0.0,0.18777078009546877
normalization,PHerc0841-20260220214732-auto_grown_20260220144552896-0,43,raw,0.6875969951161557,0.35384354126570816,0.0,-9.963781522570603e-05
normalization,PHerc0841-20260220214732-auto_grown_20260220144552896-0,42,zero-q8,0.494872739483737,0.14064697609001406,-0.18777078009546877,0.0
normalization,PHerc0841-20260220214732-auto_grown_20260220144552896-0,43,zero-q8,0.6876966329313814,0.38778004073319755,9.963781522570603e-05,0.0
normalization,PHerc0841-20260220214732-auto_grown_20260220144552896-0,42,frozen-raw,0.6826435195792058,0.4016473925376391,0.0,0.18777078009546877
normalization,PHerc0841-20260220214732-auto_grown_20260220144552896-0,43,frozen-raw,0.6875969951161557,0.35384354126570816,0.0,-9.963781522570603e-05
normalization,PHerc0841-20260220214732-auto_grown_20260220144552896-0,42,reference-normalized-q8,0.49795271576326344,0.13630311100351047,-0.18469080381594233,0.003079976279526442
normalization,PHerc0841-20260220214732-auto_grown_20260220144552896-0,43,reference-normalized-q8,0.7141773678506351,0.39608707632956736,0.02658037273447944,0.026480734919253734
