window,physical_segment,sample,seed,arm,placement,raw_ap,ap,delta_ap,f1,delta_f1,store_bytes,native_zstd_bytes,size_ratio,psnr,mae,prediction_dice
PHerc0139-20250831000000-w040_2025083102-0,PHerc0139/20250831000000-w040_2025083102,PHerc0139,42,raw,model-input,0.9992679088722154,0.9992679088722154,0.0,0.9851017602979648,0.0,7340032,6142692,0.8368753705705915,,0.0,1.0
PHerc0139-20250831000000-w040_2025083102-0,PHerc0139/20250831000000-w040_2025083102,PHerc0139,43,raw,model-input,0.9982601882821485,0.9982601882821485,0.0,0.9759481961147086,0.0,7340032,6142692,0.8368753705705915,,0.0,1.0
PHerc0139-20250831000000-w040_2025083102-0,PHerc0139/20250831000000-w040_2025083102,PHerc0139,42,zstd,model-input,0.9992679088722154,0.9992679088722154,0.0,0.9851017602979648,0.0,6137709,6142692,1.0008118664472363,,0.0,1.0
PHerc0139-20250831000000-w040_2025083102-0,PHerc0139/20250831000000-w040_2025083102,PHerc0139,43,zstd,model-input,0.9982601882821485,0.9982601882821485,0.0,0.9759481961147086,0.0,6137709,6142692,1.0008118664472363,,0.0,1.0
PHerc0139-20250831000000-w040_2025083102-0,PHerc0139/20250831000000-w040_2025083102,PHerc0139,42,q2,model-input,0.9992679088722154,0.9989545266038512,-0.0003133822683641929,0.9805711247480006,-0.004530635549964246,685311,6142692,8.963364078498667,40.23195253042949,1.8905802965164185,0.9903929355905128
PHerc0139-20250831000000-w040_2025083102-0,PHerc0139/20250831000000-w040_2025083102,PHerc0139,43,q2,model-input,0.9982601882821485,0.9977770329148252,-0.00048315536732324027,0.9712999191239152,-0.0046482769907933985,685311,6142692,8.963364078498667,40.23195253042949,1.8905802965164185,0.9867107466776867
PHerc0139-20250831000000-w040_2025083102-0,PHerc0139/20250831000000-w040_2025083102,PHerc0139,42,q8,model-input,0.9992679088722154,0.9973639820334056,-0.0019039268388097996,0.9678605047290332,-0.017241255568931635,258412,6142692,23.770923950900112,33.27810371173749,4.207058906555176,0.9714927048260381
PHerc0139-20250831000000-w040_2025083102-0,PHerc0139/20250831000000-w040_2025083102,PHerc0139,43,q8,model-input,0.9982601882821485,0.9847326521479525,-0.013527536134195994,0.9354748783050629,-0.04047331780964569,258412,6142692,23.770923950900112,33.27810371173749,4.207058906555176,0.9395872900706345
PHerc0139-20250831000000-w040_2025083102-1,PHerc0139/20250831000000-w040_2025083102,PHerc0139,42,raw,model-input,0.998566628694995,0.998566628694995,0.0,0.9784449811966858,0.0,7340032,6224838,0.848066874912807,,0.0,1.0
PHerc0139-20250831000000-w040_2025083102-1,PHerc0139/20250831000000-w040_2025083102,PHerc0139,43,raw,model-input,0.9979258008213521,0.9979258008213521,0.0,0.9746475408575865,0.0,7340032,6224838,0.848066874912807,,0.0,1.0
PHerc0139-20250831000000-w040_2025083102-1,PHerc0139/20250831000000-w040_2025083102,PHerc0139,42,zstd,model-input,0.998566628694995,0.998566628694995,0.0,0.9784449811966858,0.0,6217776,6224838,1.0011357758787065,,0.0,1.0
PHerc0139-20250831000000-w040_2025083102-1,PHerc0139/20250831000000-w040_2025083102,PHerc0139,43,zstd,model-input,0.9979258008213521,0.9979258008213521,0.0,0.9746475408575865,0.0,6217776,6224838,1.0011357758787065,,0.0,1.0
PHerc0139-20250831000000-w040_2025083102-1,PHerc0139/20250831000000-w040_2025083102,PHerc0139,42,q2,model-input,0.998566628694995,0.9978237143869308,-0.0007429143080641687,0.9756320996702089,-0.0028128815264768514,631477,6224838,9.857584678460181,40.80509914444052,1.781341314315796,0.9889912720858802
PHerc0139-20250831000000-w040_2025083102-1,PHerc0139/20250831000000-w040_2025083102,PHerc0139,43,q2,model-input,0.9979258008213521,0.995451846363519,-0.0024739544578330497,0.9621195601383135,-0.01252798071927308,631477,6224838,9.857584678460181,40.80509914444052,1.781341314315796,0.9781750674716463
PHerc0139-20250831000000-w040_2025083102-1,PHerc0139/20250831000000-w040_2025083102,PHerc0139,42,q8,model-input,0.998566628694995,0.9918250329197096,-0.006741595775285436,0.9493432817413825,-0.029101699455303276,242067,6224838,25.715351534905626,33.87881289121879,3.981489896774292,0.9589793975866622
PHerc0139-20250831000000-w040_2025083102-1,PHerc0139/20250831000000-w040_2025083102,PHerc0139,43,q8,model-input,0.9979258008213521,0.9808606863809513,-0.01706511444040082,0.9186433787312558,-0.05600416212633075,242067,6224838,25.715351534905626,33.87881289121879,3.981489896774292,0.9314038714527344
PHerc0139-20260115000000-w044_2026011522-0,PHerc0139/20260115000000-w044_2026011522,PHerc0139,42,raw,model-input,0.9991956117556786,0.9991956117556786,0.0,0.9842975027614737,0.0,7340032,5964892,0.8126520429338727,,0.0,1.0
PHerc0139-20260115000000-w044_2026011522-0,PHerc0139/20260115000000-w044_2026011522,PHerc0139,43,raw,model-input,0.9987799633806791,0.9987799633806791,0.0,0.983190735459338,0.0,7340032,5964892,0.8126520429338727,,0.0,1.0
PHerc0139-20260115000000-w044_2026011522-0,PHerc0139/20260115000000-w044_2026011522,PHerc0139,42,zstd,model-input,0.9991956117556786,0.9991956117556786,0.0,0.9842975027614737,0.0,5971152,5964892,0.9989516260848827,,0.0,1.0
PHerc0139-20260115000000-w044_2026011522-0,PHerc0139/20260115000000-w044_2026011522,PHerc0139,43,zstd,model-input,0.9987799633806791,0.9987799633806791,0.0,0.983190735459338,0.0,5971152,5964892,0.9989516260848827,,0.0,1.0
PHerc0139-20260115000000-w044_2026011522-0,PHerc0139/20260115000000-w044_2026011522,PHerc0139,42,q2,model-input,0.9991956117556786,0.9990274847376162,-0.00016812701806245833,0.9834558424944166,-0.0008416602670570095,602617,5964892,9.898313522519278,41.097364389500115,1.7095258235931396,0.9927854317875614
PHerc0139-20260115000000-w044_2026011522-0,PHerc0139/20260115000000-w044_2026011522,PHerc0139,43,q2,model-input,0.9987799633806791,0.9982467924900975,-0.0005331708905815802,0.9790574787016069,-0.00413325675773113,602617,5964892,9.898313522519278,41.097364389500115,1.7095258235931396,0.9884209845397504
PHerc0139-20260115000000-w044_2026011522-0,PHerc0139/20260115000000-w044_2026011522,PHerc0139,42,q8,model-input,0.9991956117556786,0.9971627233965068,-0.002032888359171814,0.972289996514465,-0.012007506247008637,232625,5964892,25.64166362170876,34.14145813930873,3.807021379470825,0.9754819553304369
PHerc0139-20260115000000-w044_2026011522-0,PHerc0139/20260115000000-w044_2026011522,PHerc0139,43,q8,model-input,0.9987799633806791,0.9906220924630845,-0.008157870917594567,0.9527831595445937,-0.0304075759147443,232625,5964892,25.64166362170876,34.14145813930873,3.807021379470825,0.957191669024353
PHerc0139-20260115000000-w044_2026011522-1,PHerc0139/20260115000000-w044_2026011522,PHerc0139,42,raw,model-input,0.9996575499735891,0.9996575499735891,0.0,0.9892652301968687,0.0,7340032,5971344,0.8135310581752232,,0.0,1.0
PHerc0139-20260115000000-w044_2026011522-1,PHerc0139/20260115000000-w044_2026011522,PHerc0139,43,raw,model-input,0.9995091054052941,0.9995091054052941,0.0,0.9869039754400963,0.0,7340032,5971344,0.8135310581752232,,0.0,1.0
PHerc0139-20260115000000-w044_2026011522-1,PHerc0139/20260115000000-w044_2026011522,PHerc0139,42,zstd,model-input,0.9996575499735891,0.9996575499735891,0.0,0.9892652301968687,0.0,5972031,5971344,0.9998849637585605,,0.0,1.0
PHerc0139-20260115000000-w044_2026011522-1,PHerc0139/20260115000000-w044_2026011522,PHerc0139,43,zstd,model-input,0.9995091054052941,0.9995091054052941,0.0,0.9869039754400963,0.0,5972031,5971344,0.9998849637585605,,0.0,1.0
PHerc0139-20260115000000-w044_2026011522-1,PHerc0139/20260115000000-w044_2026011522,PHerc0139,42,q2,model-input,0.9996575499735891,0.9994981969987908,-0.00015935297479829913,0.9868691172483247,-0.002396112948544027,665902,5971344,8.967301494814553,40.34081258533035,1.865984320640564,0.9950262183837137
PHerc0139-20260115000000-w044_2026011522-1,PHerc0139/20260115000000-w044_2026011522,PHerc0139,43,q2,model-input,0.9995091054052941,0.9993987723058522,-0.00011033309944197267,0.9853315459190612,-0.0015724295210350903,665902,5971344,8.967301494814553,40.34081258533035,1.865984320640564,0.993658735237652
PHerc0139-20260115000000-w044_2026011522-1,PHerc0139/20260115000000-w044_2026011522,PHerc0139,42,q8,model-input,0.9996575499735891,0.9992989605931548,-0.00035858938043431543,0.9842432269247999,-0.005022003272068809,252636,5971344,23.636156367263574,33.470044209365476,4.1180291175842285,0.9864484984781218
PHerc0139-20260115000000-w044_2026011522-1,PHerc0139/20260115000000-w044_2026011522,PHerc0139,43,q8,model-input,0.9995091054052941,0.9972267074851965,-0.0022823979200976563,0.9767087717928193,-0.010195203647276996,252636,5971344,23.636156367263574,33.470044209365476,4.1180291175842285,0.9815850497885691
PHercParis4-20231016151002-0,PHercParis4/20231016151002,PHercParis4,42,raw,model-input,0.9765183070982648,0.9765183070982648,0.0,0.8986986797743958,0.0,5505024,4357455,0.791541508265904,,0.0,1.0
PHercParis4-20231016151002-0,PHercParis4/20231016151002,PHercParis4,43,raw,model-input,0.9610999309111925,0.9610999309111925,0.0,0.8794008887231596,0.0,5505024,4357455,0.791541508265904,,0.0,1.0
PHercParis4-20231016151002-0,PHercParis4/20231016151002,PHercParis4,42,zstd,model-input,0.9765183070982648,0.9765183070982648,0.0,0.8986986797743958,0.0,4364188,4357455,0.9984572158669608,,0.0,1.0
PHercParis4-20231016151002-0,PHercParis4/20231016151002,PHercParis4,43,zstd,model-input,0.9610999309111925,0.9610999309111925,0.0,0.8794008887231596,0.0,4364188,4357455,0.9984572158669608,,0.0,1.0
PHercParis4-20231016151002-0,PHercParis4/20231016151002,PHercParis4,42,q2,model-input,0.9765183070982648,0.9568410063970528,-0.019677300701211986,0.850577154592451,-0.04812152518194479,932100,4357455,4.674879304795623,35.322961254845914,3.2558765411376953,0.8851716439641505
PHercParis4-20231016151002-0,PHercParis4/20231016151002,PHercParis4,43,q2,model-input,0.9610999309111925,0.953172907971209,-0.007927022939983486,0.8821664129883308,0.002765524265171182,932100,4357455,4.674879304795623,35.322961254845914,3.2558765411376953,0.9675277817866936
PHercParis4-20231016151002-0,PHercParis4/20231016151002,PHercParis4,42,q8,model-input,0.9765183070982648,0.8548033354828191,-0.12171497161544576,0.7097281706144568,-0.18897050915993896,273582,4357455,15.92741847051341,28.93093590588014,6.568714141845703,0.6504090499862998
PHercParis4-20231016151002-0,PHercParis4/20231016151002,PHercParis4,43,q8,model-input,0.9610999309111925,0.8827102385123887,-0.07838969239880378,0.6657885174418605,-0.21361237128129906,273582,4357455,15.92741847051341,28.93093590588014,6.568714141845703,0.5920796019900497
PHercParis4-20231016151002-0,PHercParis4/20231016151002,PHercParis4,42,q2-before-pool,before-depth-pool,0.9765183070982648,0.9724240810695253,-0.004094226028739545,0.8919907157165115,-0.006707964057884319,2752722,4357455,1.5829622460967725,38.752291118983884,2.2097971439361572,0.988861531246336
PHercParis4-20231016151002-0,PHercParis4/20231016151002,PHercParis4,43,q2-before-pool,before-depth-pool,0.9610999309111925,0.9605351337515899,-0.0005647971596025592,0.8830099941211053,0.0036091053979456778,2752722,4357455,1.5829622460967725,38.752291118983884,2.2097971439361572,0.990798238681269
PHercParis4-20231016151002-0,PHercParis4/20231016151002,PHercParis4,42,q8-before-pool,before-depth-pool,0.9765183070982648,0.9542181650997086,-0.022300141998556233,0.8517650256514796,-0.04693365412291617,842324,4357455,5.173134090919883,31.743802398128423,4.710545063018799,0.9140133341641223
PHercParis4-20231016151002-0,PHercParis4/20231016151002,PHercParis4,43,q8-before-pool,before-depth-pool,0.9610999309111925,0.9475331405062211,-0.01356679040497144,0.860777921954616,-0.01862296676854358,842324,4357455,5.173134090919883,31.743802398128423,4.710545063018799,0.9592001383046159
PHercParis4-20231016151002-1,PHercParis4/20231016151002,PHercParis4,42,raw,model-input,0.9495326737284719,0.9495326737284719,0.0,0.7937024043809361,0.0,5505024,4399684,0.7992125011625744,,0.0,1.0
PHercParis4-20231016151002-1,PHercParis4/20231016151002,PHercParis4,43,raw,model-input,0.91929727980016,0.91929727980016,0.0,0.7297297297297297,0.0,5505024,4399684,0.7992125011625744,,0.0,1.0
PHercParis4-20231016151002-1,PHercParis4/20231016151002,PHercParis4,42,zstd,model-input,0.9495326737284719,0.9495326737284719,0.0,0.7937024043809361,0.0,4405386,4399684,0.9987056752802138,,0.0,1.0
PHercParis4-20231016151002-1,PHercParis4/20231016151002,PHercParis4,43,zstd,model-input,0.91929727980016,0.91929727980016,0.0,0.7297297297297297,0.0,4405386,4399684,0.9987056752802138,,0.0,1.0
PHercParis4-20231016151002-1,PHercParis4/20231016151002,PHercParis4,42,q2,model-input,0.9495326737284719,0.9523424472620108,0.0028097735335388396,0.8136128409788616,0.019910436597925463,958102,4399684,4.592083097624261,35.361841395893435,3.2377965450286865,0.9717636837532581
PHercParis4-20231016151002-1,PHercParis4/20231016151002,PHercParis4,43,q2,model-input,0.91929727980016,0.9475944159815769,0.028297136181416938,0.786696080095028,0.05696635036529829,958102,4399684,4.592083097624261,35.361841395893435,3.2377965450286865,0.9281192297546822
PHercParis4-20231016151002-1,PHercParis4/20231016151002,PHercParis4,42,q8,model-input,0.9495326737284719,0.9619197387707195,0.012387065042247514,0.8453826874879506,0.05168028310701456,282861,4399684,15.554226280752736,28.899203953759923,6.631747245788574,0.8835353930387172
PHercParis4-20231016151002-1,PHercParis4/20231016151002,PHercParis4,43,q8,model-input,0.91929727980016,0.897826424380431,-0.02147085541972893,0.8145013943648428,0.0847716646351131,282861,4399684,15.554226280752736,28.899203953759923,6.631747245788574,0.7786891195470712
PHercParis4-20231016151002-1,PHercParis4/20231016151002,PHercParis4,42,q2-before-pool,before-depth-pool,0.9495326737284719,0.9481902551383202,-0.0013424185901517172,0.8026998961578401,0.00899749177690401,2877648,4399684,1.528916670836739,38.57581497302731,2.2699506282806396,0.9886160234839264
PHercParis4-20231016151002-1,PHercParis4/20231016151002,PHercParis4,43,q2-before-pool,before-depth-pool,0.91929727980016,0.9385250190026023,0.019227739202442362,0.7427836294926429,0.013053899762913157,2877648,4399684,1.528916670836739,38.57581497302731,2.2699506282806396,0.9828643692696807
PHercParis4-20231016151002-1,PHercParis4/20231016151002,PHercParis4,42,q8-before-pool,before-depth-pool,0.9495326737284719,0.8955274825555422,-0.05400519117292979,0.7912562154048222,-0.0024461889761139277,890605,4399684,4.940107005911711,31.573675477516026,4.870384693145752,0.9075745983167559
PHercParis4-20231016151002-1,PHercParis4/20231016151002,PHercParis4,43,q8-before-pool,before-depth-pool,0.91929727980016,0.9429965400128991,0.02369926021273916,0.7947725904909294,0.0650428607611997,890605,4399684,4.940107005911711,31.573675477516026,4.870384693145752,0.9285095609301086
PHercParis4-20230702185753-0,PHercParis4/20230702185753,PHercParis4,42,raw,model-input,0.9727846318796409,0.9727846318796409,0.0,0.9113479471963183,0.0,5505024,4445504,0.8075358072916666,,0.0,1.0
PHercParis4-20230702185753-0,PHercParis4/20230702185753,PHercParis4,43,raw,model-input,0.9731591007441778,0.9731591007441778,0.0,0.9109252358677555,0.0,5505024,4445504,0.8075358072916666,,0.0,1.0
PHercParis4-20230702185753-0,PHercParis4/20230702185753,PHercParis4,42,zstd,model-input,0.9727846318796409,0.9727846318796409,0.0,0.9113479471963183,0.0,4452249,4445504,0.9984850353158594,,0.0,1.0
PHercParis4-20230702185753-0,PHercParis4/20230702185753,PHercParis4,43,zstd,model-input,0.9731591007441778,0.9731591007441778,0.0,0.9109252358677555,0.0,4452249,4445504,0.9984850353158594,,0.0,1.0
PHercParis4-20230702185753-0,PHercParis4/20230702185753,PHercParis4,42,q2,model-input,0.9727846318796409,0.972882947815751,9.831593611009382e-05,0.9092232420848329,-0.0021247051114854365,980983,4445504,4.53168301591363,35.023616762066524,3.408130407333374,0.985829244357213
PHercParis4-20230702185753-0,PHercParis4/20230702185753,PHercParis4,43,q2,model-input,0.9731591007441778,0.9790320729193785,0.005872972175200775,0.9154264115284668,0.004501175660711287,980983,4445504,4.53168301591363,35.023616762066524,3.408130407333374,0.9790577884723841
PHercParis4-20230702185753-0,PHercParis4/20230702185753,PHercParis4,42,q8,model-input,0.9727846318796409,0.9684831516893084,-0.004301480190332496,0.8885163809200475,-0.02283156627627081,277256,4445504,16.033932538881036,28.541718163094302,6.95196008682251,0.9059980253414514
PHercParis4-20230702185753-0,PHercParis4/20230702185753,PHercParis4,43,q8,model-input,0.9731591007441778,0.8262501573330212,-0.14690894341115657,0.8249761222540593,-0.08594911361369628,277256,4445504,16.033932538881036,28.541718163094302,6.95196008682251,0.828541041516314
PHercParis4-20230702185753-0,PHercParis4/20230702185753,PHercParis4,42,q2-before-pool,before-depth-pool,0.9727846318796409,0.9727264385931862,-5.8193286454732984e-05,0.9116234002180145,0.00027545302169618147,2991970,4445504,1.4858116892883284,38.39713954839594,2.3208556175231934,0.99619801669737
PHercParis4-20230702185753-0,PHercParis4/20230702185753,PHercParis4,43,q2-before-pool,before-depth-pool,0.9731591007441778,0.9725660896877556,-0.0005930110564221769,0.9104442062641419,-0.00048102960361362523,2991970,4445504,1.4858116892883284,38.39713954839594,2.3208556175231934,0.9944297082228116
PHercParis4-20230702185753-0,PHercParis4/20230702185753,PHercParis4,42,q8-before-pool,before-depth-pool,0.9727846318796409,0.9803638363558446,0.007579204476203638,0.9221893850451399,0.010841437848821633,906155,4445504,4.905897997583195,31.175650639813945,5.128510475158691,0.9719001768520338
PHercParis4-20230702185753-0,PHercParis4/20230702185753,PHercParis4,43,q8-before-pool,before-depth-pool,0.9731591007441778,0.983220089896019,0.010060989151841171,0.92481444332999,0.013889207462234432,906155,4445504,4.905897997583195,31.175650639813945,5.128510475158691,0.9764584290307763
PHercParis4-20230702185753-1,PHercParis4/20230702185753,PHercParis4,42,raw,model-input,0.991960132138616,0.991960132138616,0.0,0.9309949978906767,0.0,5505024,4644550,0.8436929611932664,,0.0,1.0
PHercParis4-20230702185753-1,PHercParis4/20230702185753,PHercParis4,43,raw,model-input,0.9865488713513143,0.9865488713513143,0.0,0.9171229516239819,0.0,5505024,4644550,0.8436929611932664,,0.0,1.0
PHercParis4-20230702185753-1,PHercParis4/20230702185753,PHercParis4,42,zstd,model-input,0.991960132138616,0.991960132138616,0.0,0.9309949978906767,0.0,4650341,4644550,0.9987547149768157,,0.0,1.0
PHercParis4-20230702185753-1,PHercParis4/20230702185753,PHercParis4,43,zstd,model-input,0.9865488713513143,0.9865488713513143,0.0,0.9171229516239819,0.0,4650341,4644550,0.9987547149768157,,0.0,1.0
PHercParis4-20230702185753-1,PHercParis4/20230702185753,PHercParis4,42,q2,model-input,0.991960132138616,0.9920322860533108,7.215391469483912e-05,0.9328131948093948,0.0018181969187180957,1093136,4644550,4.248830886550255,34.66712297258735,3.6070971488952637,0.9935038957575296
PHercParis4-20230702185753-1,PHercParis4/20230702185753,PHercParis4,43,q2,model-input,0.9865488713513143,0.9914872644528896,0.004938393101575289,0.9321546873129265,0.015031735688944559,1093136,4644550,4.248830886550255,34.66712297258735,3.6070971488952637,0.9834834005413468
PHercParis4-20230702185753-1,PHercParis4/20230702185753,PHercParis4,42,q8,model-input,0.991960132138616,0.9831725010712715,-0.008787631067344481,0.9235114043030225,-0.007483593587654269,312444,4644550,14.865223848113581,28.15191616417344,7.504419326782227,0.9269102317579192
PHercParis4-20230702185753-1,PHercParis4/20230702185753,PHercParis4,43,q8,model-input,0.9865488713513143,0.9739078056072468,-0.012641065744067537,0.8859277859905632,-0.03119516563341873,312444,4644550,14.865223848113581,28.15191616417344,7.504419326782227,0.9077572047185307
PHercParis4-20230702185753-1,PHercParis4/20230702185753,PHercParis4,42,q2-before-pool,before-depth-pool,0.991960132138616,0.9921400886509614,0.00017995651234536947,0.931413749421913,0.0004187515312362722,3392823,4644550,1.3689337757967333,37.90984569722879,2.5062217712402344,0.9973081589323628
PHercParis4-20230702185753-1,PHercParis4/20230702185753,PHercParis4,43,q2-before-pool,before-depth-pool,0.9865488713513143,0.9867229689590488,0.00017409760773445804,0.9192602793625811,0.002137327738599204,3392823,4644550,1.3689337757967333,37.90984569722879,2.5062217712402344,0.9940935938209905
PHercParis4-20230702185753-1,PHercParis4/20230702185753,PHercParis4,42,q8-before-pool,before-depth-pool,0.991960132138616,0.9918609450021207,-9.918713649526012e-05,0.9320226658813494,0.001027667990672665,1046134,4644550,4.439727606597243,30.605706859148953,5.710201263427734,0.9860303123086344
PHercParis4-20230702185753-1,PHercParis4/20230702185753,PHercParis4,43,q8-before-pool,before-depth-pool,0.9865488713513143,0.9918300329727525,0.005281161621438213,0.9260661815730515,0.008943229949069598,1046134,4644550,4.439727606597243,30.605706859148953,5.710201263427734,0.9885415141309123
PHerc0841-20260220213127-w00-0,PHerc0841/20260220213127-w00,PHerc0841,42,raw,model-input,0.3908659509091548,0.3908659509091548,0.0,0.24259005927952576,0.0,5505024,4840985,0.8793758210681734,,0.0,1.0
PHerc0841-20260220213127-w00-0,PHerc0841/20260220213127-w00,PHerc0841,43,raw,model-input,0.25371177054801175,0.25371177054801175,0.0,0.013908836646760904,0.0,5505024,4840985,0.8793758210681734,,0.0,1.0
PHerc0841-20260220213127-w00-0,PHerc0841/20260220213127-w00,PHerc0841,42,zstd,model-input,0.3908659509091548,0.3908659509091548,0.0,0.24259005927952576,0.0,4847850,4840985,0.998583908330497,,0.0,1.0
PHerc0841-20260220213127-w00-0,PHerc0841/20260220213127-w00,PHerc0841,43,zstd,model-input,0.25371177054801175,0.25371177054801175,0.0,0.013908836646760904,0.0,4847850,4840985,0.998583908330497,,0.0,1.0
PHerc0841-20260220213127-w00-0,PHerc0841/20260220213127-w00,PHerc0841,42,q2,model-input,0.3908659509091548,0.42646110130594983,0.035595150396795006,0.24324217670967996,0.0006521174301541977,1206016,4840985,4.014030493791127,34.47449566042343,3.6372501850128174,0.7811460610092179
PHerc0841-20260220213127-w00-0,PHerc0841/20260220213127-w00,PHerc0841,43,q2,model-input,0.25371177054801175,0.44331341731724927,0.18960164676923752,0.06330802852541983,0.04939919187865893,1206016,4840985,4.014030493791127,34.47449566042343,3.6372501850128174,0.0002833262501770789
PHerc0841-20260220213127-w00-0,PHerc0841/20260220213127-w00,PHerc0841,42,q8,model-input,0.3908659509091548,0.3200433039094266,-0.07082264699972823,0.14900605012964563,-0.09358400914988013,346312,4840985,13.978681073713876,27.65064844129356,7.830679893493652,0.39001913943432337
PHerc0841-20260220213127-w00-0,PHerc0841/20260220213127-w00,PHerc0841,43,q8,model-input,0.25371177054801175,0.44803927453033043,0.19432750398231868,0.4206150373041874,0.4067062006574265,346312,4840985,13.978681073713876,27.65064844129356,7.830679893493652,0.16297870374647758
PHerc0841-20260220213127-w00-0,PHerc0841/20260220213127-w00,PHerc0841,42,q2-before-pool,before-depth-pool,0.3908659509091548,0.3868805292133726,-0.003985421695782199,0.2417439276683779,-0.0008461316111478545,3372356,4840985,1.4354904998167453,38.28793911214919,2.3758201599121094,0.9622474299893655
PHerc0841-20260220213127-w00-0,PHerc0841/20260220213127-w00,PHerc0841,43,q2-before-pool,before-depth-pool,0.25371177054801175,0.2526491702662077,-0.0010626002818040492,0.006379853095487933,-0.007528983551272971,3372356,4840985,1.4354904998167453,38.28793911214919,2.3758201599121094,0.6676139468794404
PHerc0841-20260220213127-w00-0,PHerc0841/20260220213127-w00,PHerc0841,42,q8-before-pool,before-depth-pool,0.3908659509091548,0.3818425633936643,-0.009023387515490533,0.22975025610229963,-0.012839803177226133,1098142,4840985,4.408341544171883,30.679265672821124,5.562814712524414,0.6912756652583204
PHerc0841-20260220213127-w00-0,PHerc0841/20260220213127-w00,PHerc0841,43,q8-before-pool,before-depth-pool,0.25371177054801175,0.3455275332279511,0.09181576267993935,0.1817037677967435,0.1677949311499826,1098142,4840985,4.408341544171883,30.679265672821124,5.562814712524414,0.23181395348837208
PHerc0841-20260220213127-w00-1,PHerc0841/20260220213127-w00,PHerc0841,42,raw,model-input,0.17433676109990637,0.17433676109990637,0.0,0.0,0.0,5505024,4797009,0.8713874816894531,,0.0,1.0
PHerc0841-20260220213127-w00-1,PHerc0841/20260220213127-w00,PHerc0841,43,raw,model-input,0.20549594289162376,0.20549594289162376,0.0,0.0,0.0,5505024,4797009,0.8713874816894531,,0.0,
PHerc0841-20260220213127-w00-1,PHerc0841/20260220213127-w00,PHerc0841,42,zstd,model-input,0.17433676109990637,0.17433676109990637,0.0,0.0,0.0,4802234,4797009,0.9989119647230851,,0.0,1.0
PHerc0841-20260220213127-w00-1,PHerc0841/20260220213127-w00,PHerc0841,43,zstd,model-input,0.20549594289162376,0.20549594289162376,0.0,0.0,0.0,4802234,4797009,0.9989119647230851,,0.0,
PHerc0841-20260220213127-w00-1,PHerc0841/20260220213127-w00,PHerc0841,42,q2,model-input,0.17433676109990637,0.18485643451271017,0.010519673412803798,0.0004782972617481765,0.0004782972617481765,1134319,4797009,4.228977033797371,34.66472001062101,3.50848388671875,0.9493071390984038
PHerc0841-20260220213127-w00-1,PHerc0841/20260220213127-w00,PHerc0841,43,q2,model-input,0.20549594289162376,0.22661020387795866,0.0211142609863349,0.0,0.0,1134319,4797009,4.228977033797371,34.66472001062101,3.50848388671875,
PHerc0841-20260220213127-w00-1,PHerc0841/20260220213127-w00,PHerc0841,42,q8,model-input,0.17433676109990637,0.15757575454991518,-0.016761006549991186,0.004524451289949942,0.004524451289949942,321357,4797009,14.927351823672737,27.967549781691133,7.371830463409424,0.5025125628140703
PHerc0841-20260220213127-w00-1,PHerc0841/20260220213127-w00,PHerc0841,43,q8,model-input,0.20549594289162376,0.3580058731578689,0.15250993026624515,0.08486619297430108,0.08486619297430108,321357,4797009,14.927351823672737,27.967549781691133,7.371830463409424,0.0
PHerc0841-20260220213127-w00-1,PHerc0841/20260220213127-w00,PHerc0841,42,q2-before-pool,before-depth-pool,0.17433676109990637,0.16456296022393777,-0.009773800875968602,0.0,0.0,3197273,4797009,1.5003438868060375,38.41819838663471,2.329089879989624,0.9733487833140209
PHerc0841-20260220213127-w00-1,PHerc0841/20260220213127-w00,PHerc0841,43,q2-before-pool,before-depth-pool,0.20549594289162376,0.1986300131122098,-0.006865929779413971,0.0,0.0,3197273,4797009,1.5003438868060375,38.41819838663471,2.329089879989624,
PHerc0841-20260220213127-w00-1,PHerc0841/20260220213127-w00,PHerc0841,42,q8-before-pool,before-depth-pool,0.17433676109990637,0.1615477698928683,-0.01278899120703808,0.0,0.0,1021603,4797009,4.695570588575014,30.94876543342226,5.3084716796875,0.7650006424257998
PHerc0841-20260220213127-w00-1,PHerc0841/20260220213127-w00,PHerc0841,43,q8-before-pool,before-depth-pool,0.20549594289162376,0.2494688562323187,0.04397291334069495,0.006796528915589538,0.006796528915589538,1021603,4797009,4.695570588575014,30.94876543342226,5.3084716796875,0.0
PHerc0841-20260220214732-auto_grown_20260220144552896-0,PHerc0841/20260220214732-auto_grown_20260220144552896,PHerc0841,42,raw,model-input,0.6826435195792058,0.6826435195792058,0.0,0.4016473925376391,0.0,5505024,5006832,0.9095023018973214,,0.0,1.0
PHerc0841-20260220214732-auto_grown_20260220144552896-0,PHerc0841/20260220214732-auto_grown_20260220144552896,PHerc0841,43,raw,model-input,0.6875969951161557,0.6875969951161557,0.0,0.35384354126570816,0.0,5505024,5006832,0.9095023018973214,,0.0,1.0
PHerc0841-20260220214732-auto_grown_20260220144552896-0,PHerc0841/20260220214732-auto_grown_20260220144552896,PHerc0841,42,zstd,model-input,0.6826435195792058,0.6826435195792058,0.0,0.4016473925376391,0.0,5012912,5006832,0.998787132110039,,0.0,1.0
PHerc0841-20260220214732-auto_grown_20260220144552896-0,PHerc0841/20260220214732-auto_grown_20260220144552896,PHerc0841,43,zstd,model-input,0.6875969951161557,0.6875969951161557,0.0,0.35384354126570816,0.0,5012912,5006832,0.998787132110039,,0.0,1.0
PHerc0841-20260220214732-auto_grown_20260220144552896-0,PHerc0841/20260220214732-auto_grown_20260220144552896,PHerc0841,42,q2,model-input,0.6826435195792058,0.6645810656397428,-0.01806245393946293,0.39425960702973906,-0.007387785507900035,1330958,5006832,3.7618256924711373,34.0987889147967,3.787468433380127,0.8440702304027152
PHerc0841-20260220214732-auto_grown_20260220144552896-0,PHerc0841/20260220214732-auto_grown_20260220144552896,PHerc0841,43,q2,model-input,0.6875969951161557,0.6813585466786427,-0.006238448437512978,0.3367650423244109,-0.01707849894129726,1330958,5006832,3.7618256924711373,34.0987889147967,3.787468433380127,0.8980421686746988
PHerc0841-20260220214732-auto_grown_20260220144552896-0,PHerc0841/20260220214732-auto_grown_20260220144552896,PHerc0841,42,q8,model-input,0.6826435195792058,0.494872739483737,-0.18777078009546877,0.14064697609001406,-0.26100041644762506,384261,5006832,13.029768828999039,27.002917087812083,8.349847793579102,0.2924737768930403
PHerc0841-20260220214732-auto_grown_20260220144552896-0,PHerc0841/20260220214732-auto_grown_20260220144552896,PHerc0841,43,q8,model-input,0.6875969951161557,0.6876966329313814,9.963781522570603e-05,0.38778004073319755,0.03393649946748939,384261,5006832,13.029768828999039,27.002917087812083,8.349847793579102,0.7240536433903679
PHerc0841-20260220214732-auto_grown_20260220144552896-0,PHerc0841/20260220214732-auto_grown_20260220144552896,PHerc0841,42,q2-before-pool,before-depth-pool,0.6826435195792058,0.6592810989572614,-0.02336242062194438,0.36355453036653634,-0.03809286217110275,3599738,5006832,1.3908878923966133,38.05562217217797,2.453399896621704,0.9214769959849931
PHerc0841-20260220214732-auto_grown_20260220144552896-0,PHerc0841/20260220214732-auto_grown_20260220144552896,PHerc0841,43,q2-before-pool,before-depth-pool,0.6875969951161557,0.7012580207114223,0.013661025595266607,0.34588094491778987,-0.007962596347918294,3599738,5006832,1.3908878923966133,38.05562217217797,2.453399896621704,0.9712793733681462
PHerc0841-20260220214732-auto_grown_20260220144552896-0,PHerc0841/20260220214732-auto_grown_20260220144552896,PHerc0841,42,q8-before-pool,before-depth-pool,0.6826435195792058,0.6720130758887712,-0.010630443690434532,0.2689937775079678,-0.13265361502967127,1181043,5006832,4.239330828767454,30.249635448190652,5.849931716918945,0.6888553499086504
PHerc0841-20260220214732-auto_grown_20260220144552896-0,PHerc0841/20260220214732-auto_grown_20260220144552896,PHerc0841,43,q8-before-pool,before-depth-pool,0.6875969951161557,0.7845477083101418,0.09695071319398607,0.18775510204081633,-0.16608843922489183,1181043,5006832,4.239330828767454,30.249635448190652,5.849931716918945,0.5517797721085006
PHerc0841-20260220214732-auto_grown_20260220144552896-1,PHerc0841/20260220214732-auto_grown_20260220144552896,PHerc0841,42,raw,model-input,0.6566386290647459,0.6566386290647459,0.0,0.3414236074549858,0.0,5505024,4737556,0.8605877104259673,,0.0,1.0
PHerc0841-20260220214732-auto_grown_20260220144552896-1,PHerc0841/20260220214732-auto_grown_20260220144552896,PHerc0841,43,raw,model-input,0.619858854085461,0.619858854085461,0.0,0.19419292526862247,0.0,5505024,4737556,0.8605877104259673,,0.0,1.0
PHerc0841-20260220214732-auto_grown_20260220144552896-1,PHerc0841/20260220214732-auto_grown_20260220144552896,PHerc0841,42,zstd,model-input,0.6566386290647459,0.6566386290647459,0.0,0.3414236074549858,0.0,4742747,4737556,0.9989054866304274,,0.0,1.0
PHerc0841-20260220214732-auto_grown_20260220144552896-1,PHerc0841/20260220214732-auto_grown_20260220144552896,PHerc0841,43,zstd,model-input,0.619858854085461,0.619858854085461,0.0,0.19419292526862247,0.0,4742747,4737556,0.9989054866304274,,0.0,1.0
PHerc0841-20260220214732-auto_grown_20260220144552896-1,PHerc0841/20260220214732-auto_grown_20260220144552896,PHerc0841,42,q2,model-input,0.6566386290647459,0.6546212034644281,-0.0020174256003178126,0.3358963555930061,-0.005527251861979665,1242443,4737556,3.813097260799892,34.47243416256758,3.5712642669677734,0.859083763754772
PHerc0841-20260220214732-auto_grown_20260220144552896-1,PHerc0841/20260220214732-auto_grown_20260220144552896,PHerc0841,43,q2,model-input,0.619858854085461,0.5730791496297827,-0.04677970445567836,0.14482304629948906,-0.04936987896913342,1242443,4737556,3.813097260799892,34.47243416256758,3.5712642669677734,0.25228891149542215
PHerc0841-20260220214732-auto_grown_20260220144552896-1,PHerc0841/20260220214732-auto_grown_20260220144552896,PHerc0841,42,q8,model-input,0.6566386290647459,0.5589782995218227,-0.09766032954292325,0.1897164188090794,-0.15170718864590638,360422,4737556,13.144469538485442,27.491471775972464,7.750053882598877,0.6283131607170216
PHerc0841-20260220214732-auto_grown_20260220144552896-1,PHerc0841/20260220214732-auto_grown_20260220144552896,PHerc0841,43,q8,model-input,0.619858854085461,0.5055830743799565,-0.11427577970550451,0.2061180525635502,0.011925127294927729,360422,4737556,13.144469538485442,27.491471775972464,7.750053882598877,0.1368044920877999
PHerc0841-20260220214732-auto_grown_20260220144552896-1,PHerc0841/20260220214732-auto_grown_20260220144552896,PHerc0841,42,q2-before-pool,before-depth-pool,0.6566386290647459,0.655050966890237,-0.001587662174508897,0.3554329725228976,0.014009365067911783,3459307,4737556,1.369510135989665,38.158797051361425,2.3919553756713867,0.9622290343770528
PHerc0841-20260220214732-auto_grown_20260220144552896-1,PHerc0841/20260220214732-auto_grown_20260220144552896,PHerc0841,43,q2-before-pool,before-depth-pool,0.619858854085461,0.5845917477154147,-0.035267106370046375,0.15059558440763082,-0.04359734086099165,3459307,4737556,1.369510135989665,38.158797051361425,2.3919553756713867,0.5892366112347781
PHerc0841-20260220214732-auto_grown_20260220144552896-1,PHerc0841/20260220214732-auto_grown_20260220144552896,PHerc0841,42,q8-before-pool,before-depth-pool,0.6566386290647459,0.6464540525503941,-0.010184576514351784,0.24345880192793207,-0.09796480552705372,1129220,4737556,4.195423389596359,30.528412002916426,5.533307075500488,0.7865505036754696
PHerc0841-20260220214732-auto_grown_20260220144552896-1,PHerc0841/20260220214732-auto_grown_20260220144552896,PHerc0841,43,q8-before-pool,before-depth-pool,0.619858854085461,0.5311026522765807,-0.08875620180888033,0.21513255883229074,0.020939633563668264,1129220,4737556,4.195423389596359,30.528412002916426,5.533307075500488,0.27578947368421053
